{"cameraMode":{"drawMode":0,"name":"Shaded","section":"Shading Mode"},"sceneLighting":true,"audioPlay":false,"sceneViewState":{"m_AlwaysRefresh":false,"showFog":true,"showSkybox":true,"showFlares":true,"showImageEffects":true,"showParticleSystems":true,"showVisualEffectGraphs":true,"m_FxEnabled":false},"in2DMode":false,"pivot":{"x":-1.9803736209869385,"y":1.7387534379959107,"z":-0.08756482601165772},"rotation":{"x":-0.009085418656468392,"y":-0.6745356321334839,"z":0.008304712362587452,"w":-0.738143801689148},"size":1.451294183731079,"orthographic":false}