{"cameraMode":{"drawMode":0,"name":"Shaded","section":"Shading Mode"},"sceneLighting":true,"audioPlay":false,"sceneViewState":{"m_AlwaysRefresh":false,"showFog":true,"showSkybox":true,"showFlares":true,"showImageEffects":true,"showParticleSystems":true,"showVisualEffectGraphs":true,"m_FxEnabled":true},"in2DMode":false,"pivot":{"x":230.90318298339845,"y":477.1819763183594,"z":436.34295654296877},"rotation":{"x":0.062020961195230487,"y":-0.035923268646001819,"z":0.002236495725810528,"w":0.997441291809082},"size":620.1594848632813,"orthographic":true}